案例,任务,案例族,参考标签（未独立复核）,语义样本,输入规则（语义任务弃答）,AgentJev固定公开权重,AgentJev任务头适配,中文BERT＋分类头,字符TF-IDF＋分类器,Qwen2.5-0.5B JSON生成
U01,USE_MATCH,U_direct,一致,True,弃答/失败转人工,一致,一致,一致,存在明确矛盾,一致
U02,USE_MATCH,U_direct,一致,True,弃答/失败转人工,一致,一致,一致,存在明确矛盾,一致
U03,USE_MATCH,U_exclusive,存在明确矛盾,True,弃答/失败转人工,存在明确矛盾,存在明确矛盾,一致,一致,一致
U04,USE_MATCH,U_exclusive,存在明确矛盾,True,弃答/失败转人工,存在明确矛盾,存在明确矛盾,一致,一致,一致
U05,USE_MATCH,U_absent,信息不足,False,信息不足,信息不足,信息不足,信息不足,信息不足,信息不足
U06,USE_MATCH,U_absent,信息不足,False,信息不足,信息不足,信息不足,信息不足,信息不足,信息不足
U07,USE_MATCH,U_revision,一致,True,弃答/失败转人工,一致,存在明确矛盾,存在明确矛盾,一致,一致
U08,USE_MATCH,U_revision,存在明确矛盾,True,弃答/失败转人工,存在明确矛盾,存在明确矛盾,存在明确矛盾,存在明确矛盾,一致
U09,USE_MATCH,U_scope,信息不足,True,弃答/失败转人工,存在明确矛盾,存在明确矛盾,信息不足,一致,一致
U10,USE_MATCH,U_scope,一致,True,弃答/失败转人工,一致,一致,一致,一致,一致
U11,USE_MATCH,U_link,存在明确矛盾,True,弃答/失败转人工,存在明确矛盾,存在明确矛盾,存在明确矛盾,存在明确矛盾,一致
U12,USE_MATCH,U_link,信息不足,True,弃答/失败转人工,信息不足,信息不足,一致,一致,一致
B01,BIZ_CONFLICT,B_consistent,未发现明确矛盾,True,弃答/失败转人工,未发现明确矛盾,未发现明确矛盾,未发现明确矛盾,发现明确矛盾,发现明确矛盾
B02,BIZ_CONFLICT,B_consistent,未发现明确矛盾,True,弃答/失败转人工,发现明确矛盾,发现明确矛盾,发现明确矛盾,发现明确矛盾,发现明确矛盾
B03,BIZ_CONFLICT,B_opposed,发现明确矛盾,True,弃答/失败转人工,发现明确矛盾,发现明确矛盾,未发现明确矛盾,未发现明确矛盾,发现明确矛盾
B04,BIZ_CONFLICT,B_opposed,发现明确矛盾,True,弃答/失败转人工,发现明确矛盾,发现明确矛盾,发现明确矛盾,发现明确矛盾,发现明确矛盾
B05,BIZ_CONFLICT,B_period,无法比较,False,无法比较,无法比较,无法比较,无法比较,无法比较,无法比较
B06,BIZ_CONFLICT,B_period,无法比较,False,无法比较,无法比较,无法比较,无法比较,无法比较,无法比较
B07,BIZ_CONFLICT,B_subject,无法比较,False,无法比较,无法比较,无法比较,无法比较,无法比较,无法比较
B08,BIZ_CONFLICT,B_subject,无法比较,False,无法比较,无法比较,无法比较,无法比较,无法比较,无法比较
B09,BIZ_CONFLICT,B_scope,未发现明确矛盾,True,弃答/失败转人工,发现明确矛盾,未发现明确矛盾,未发现明确矛盾,未发现明确矛盾,发现明确矛盾
B10,BIZ_CONFLICT,B_scope,发现明确矛盾,True,弃答/失败转人工,发现明确矛盾,发现明确矛盾,发现明确矛盾,发现明确矛盾,发现明确矛盾
B11,BIZ_CONFLICT,B_correction,未发现明确矛盾,True,弃答/失败转人工,发现明确矛盾,未发现明确矛盾,无法比较,未发现明确矛盾,发现明确矛盾
B12,BIZ_CONFLICT,B_correction,发现明确矛盾,True,弃答/失败转人工,发现明确矛盾,发现明确矛盾,未发现明确矛盾,未发现明确矛盾,发现明确矛盾
CU1-1,USE_MATCH,U_exclusive,一致,True,弃答/失败转人工,一致,一致,一致,一致,一致
CU1-2,USE_MATCH,U_exclusive,存在明确矛盾,True,弃答/失败转人工,存在明确矛盾,存在明确矛盾,信息不足,存在明确矛盾,一致
CU1-3,USE_MATCH,U_exclusive,信息不足,True,弃答/失败转人工,信息不足,信息不足,信息不足,一致,一致
CU2-1,USE_MATCH,U_direct,一致,True,弃答/失败转人工,一致,一致,一致,一致,一致
CU2-2,USE_MATCH,U_direct,存在明确矛盾,True,弃答/失败转人工,存在明确矛盾,存在明确矛盾,存在明确矛盾,存在明确矛盾,一致
CU2-3,USE_MATCH,U_direct,信息不足,True,弃答/失败转人工,信息不足,存在明确矛盾,存在明确矛盾,存在明确矛盾,一致
CU3-1,USE_MATCH,U_revision,一致,True,弃答/失败转人工,存在明确矛盾,存在明确矛盾,存在明确矛盾,存在明确矛盾,一致
CU3-2,USE_MATCH,U_revision,存在明确矛盾,True,弃答/失败转人工,存在明确矛盾,信息不足,存在明确矛盾,存在明确矛盾,一致
CU3-3,USE_MATCH,U_revision,信息不足,True,弃答/失败转人工,信息不足,信息不足,存在明确矛盾,存在明确矛盾,一致
CU4-1,USE_MATCH,U_link,一致,True,弃答/失败转人工,一致,一致,一致,一致,一致
CU4-2,USE_MATCH,U_link,存在明确矛盾,True,弃答/失败转人工,一致,一致,存在明确矛盾,存在明确矛盾,一致
CU4-3,USE_MATCH,U_link,信息不足,True,弃答/失败转人工,信息不足,信息不足,存在明确矛盾,一致,一致
CU5-1,USE_MATCH,U_scope,一致,True,弃答/失败转人工,一致,一致,信息不足,一致,一致
CU5-2,USE_MATCH,U_scope,存在明确矛盾,True,弃答/失败转人工,存在明确矛盾,存在明确矛盾,存在明确矛盾,存在明确矛盾,一致
CU5-3,USE_MATCH,U_scope,信息不足,True,弃答/失败转人工,信息不足,信息不足,信息不足,一致,一致
CB1-1,BIZ_CONFLICT,B_consistent,未发现明确矛盾,True,弃答/失败转人工,发现明确矛盾,发现明确矛盾,发现明确矛盾,发现明确矛盾,发现明确矛盾
CB1-2,BIZ_CONFLICT,B_consistent,发现明确矛盾,True,弃答/失败转人工,发现明确矛盾,发现明确矛盾,发现明确矛盾,发现明确矛盾,发现明确矛盾
CB1-3,BIZ_CONFLICT,B_consistent,无法比较,True,弃答/失败转人工,发现明确矛盾,发现明确矛盾,无法比较,发现明确矛盾,发现明确矛盾
CB2-1,BIZ_CONFLICT,B_opposed,未发现明确矛盾,True,弃答/失败转人工,未发现明确矛盾,未发现明确矛盾,未发现明确矛盾,未发现明确矛盾,发现明确矛盾
CB2-2,BIZ_CONFLICT,B_opposed,发现明确矛盾,True,弃答/失败转人工,发现明确矛盾,发现明确矛盾,未发现明确矛盾,未发现明确矛盾,发现明确矛盾
CB2-3,BIZ_CONFLICT,B_opposed,无法比较,True,弃答/失败转人工,发现明确矛盾,发现明确矛盾,无法比较,未发现明确矛盾,发现明确矛盾
CB3-1,BIZ_CONFLICT,B_scope,未发现明确矛盾,True,弃答/失败转人工,发现明确矛盾,发现明确矛盾,发现明确矛盾,未发现明确矛盾,发现明确矛盾
CB3-2,BIZ_CONFLICT,B_scope,发现明确矛盾,True,弃答/失败转人工,发现明确矛盾,发现明确矛盾,发现明确矛盾,未发现明确矛盾,发现明确矛盾
CB3-3,BIZ_CONFLICT,B_scope,无法比较,True,弃答/失败转人工,发现明确矛盾,发现明确矛盾,发现明确矛盾,未发现明确矛盾,发现明确矛盾
CB4-1,BIZ_CONFLICT,B_correction,未发现明确矛盾,True,弃答/失败转人工,发现明确矛盾,发现明确矛盾,无法比较,未发现明确矛盾,发现明确矛盾
CB4-2,BIZ_CONFLICT,B_correction,发现明确矛盾,True,弃答/失败转人工,发现明确矛盾,发现明确矛盾,无法比较,未发现明确矛盾,发现明确矛盾
CB4-3,BIZ_CONFLICT,B_correction,无法比较,True,弃答/失败转人工,发现明确矛盾,发现明确矛盾,无法比较,未发现明确矛盾,发现明确矛盾
CB5-1,BIZ_CONFLICT,B_period,未发现明确矛盾,True,弃答/失败转人工,发现明确矛盾,未发现明确矛盾,未发现明确矛盾,发现明确矛盾,发现明确矛盾
CB5-2,BIZ_CONFLICT,B_period,发现明确矛盾,True,弃答/失败转人工,发现明确矛盾,发现明确矛盾,未发现明确矛盾,未发现明确矛盾,发现明确矛盾
CB5-3,BIZ_CONFLICT,B_period,无法比较,False,无法比较,无法比较,无法比较,无法比较,无法比较,无法比较
