案例,任务,项目参考标签（未独立复核）,快判断,最终结果,实际慢调用,配对变化,升级原因,流程耗时毫秒
H01,USE_MATCH,一致,一致,一致,1,正确保持,semantic_uncertainty_or_low_raw_score,11310.28
H02,USE_MATCH,存在明确矛盾,存在明确矛盾,存在明确矛盾,0,正确保持,explicit_conflict_to_human,3217.56
H03,USE_MATCH,信息不足,信息不足,一致,1,新增错误,semantic_uncertainty_or_low_raw_score,7351.66
H04,USE_MATCH,一致,一致,一致,1,正确保持,semantic_uncertainty_or_low_raw_score,7624.7
H05,USE_MATCH,存在明确矛盾,一致,一致,1,错误保持,semantic_uncertainty_or_low_raw_score,7393.51
H06,USE_MATCH,信息不足,存在明确矛盾,存在明确矛盾,0,错误保持,explicit_conflict_to_human,3170.07
H07,USE_MATCH,一致,一致,一致,1,正确保持,semantic_uncertainty_or_low_raw_score,6845.68
H08,USE_MATCH,存在明确矛盾,存在明确矛盾,存在明确矛盾,0,正确保持,explicit_conflict_to_human,2356.88
H09,USE_MATCH,信息不足,信息不足,一致,1,新增错误,semantic_uncertainty_or_low_raw_score,5583.21
H10,USE_MATCH,一致,一致,一致,1,正确保持,semantic_uncertainty_or_low_raw_score,5579.25
H11,USE_MATCH,存在明确矛盾,存在明确矛盾,存在明确矛盾,0,正确保持,explicit_conflict_to_human,2104.25
H12,USE_MATCH,信息不足,存在明确矛盾,存在明确矛盾,0,错误保持,explicit_conflict_to_human,2030.8
H13,BIZ_CONFLICT,未发现明确矛盾,发现明确矛盾,发现明确矛盾,0,错误保持,explicit_conflict_to_human,1535.71
H14,BIZ_CONFLICT,发现明确矛盾,发现明确矛盾,发现明确矛盾,0,正确保持,explicit_conflict_to_human,1554.63
H15,BIZ_CONFLICT,无法比较,发现明确矛盾,发现明确矛盾,0,错误保持,explicit_conflict_to_human,1533.53
H16,BIZ_CONFLICT,未发现明确矛盾,发现明确矛盾,发现明确矛盾,0,错误保持,explicit_conflict_to_human,1486.09
H17,BIZ_CONFLICT,发现明确矛盾,发现明确矛盾,发现明确矛盾,0,正确保持,explicit_conflict_to_human,1482.21
H18,BIZ_CONFLICT,无法比较,发现明确矛盾,发现明确矛盾,0,错误保持,explicit_conflict_to_human,1516.28
H19,BIZ_CONFLICT,未发现明确矛盾,发现明确矛盾,发现明确矛盾,0,错误保持,explicit_conflict_to_human,1627.31
H20,BIZ_CONFLICT,发现明确矛盾,发现明确矛盾,发现明确矛盾,0,正确保持,explicit_conflict_to_human,1455.99
H21,BIZ_CONFLICT,无法比较,发现明确矛盾,发现明确矛盾,0,错误保持,explicit_conflict_to_human,1504.08
H22,BIZ_CONFLICT,未发现明确矛盾,发现明确矛盾,发现明确矛盾,0,错误保持,explicit_conflict_to_human,1454.22
H23,BIZ_CONFLICT,发现明确矛盾,发现明确矛盾,发现明确矛盾,0,正确保持,explicit_conflict_to_human,1450.01
H24,BIZ_CONFLICT,无法比较,发现明确矛盾,发现明确矛盾,0,错误保持,explicit_conflict_to_human,1684.39
H25,USE_MATCH,信息不足,信息不足,信息不足,0,正确保持,,0.06
H26,USE_MATCH,信息不足,信息不足,信息不足,0,正确保持,,0.04
H27,BIZ_CONFLICT,无法比较,无法比较,无法比较,0,正确保持,,0.04
H28,BIZ_CONFLICT,无法比较,无法比较,无法比较,0,正确保持,,0.03
